"Method","Time (ms)","Own Time (ms)"
"java.lang.Thread.run() Thread.java","566130","26"
"io.grpc.netty.shaded.io.netty.channel.epoll.EpollEventLoop.run() EpollEventLoop.java","334252","0"
"io.grpc.netty.shaded.io.netty.util.concurrent.FastThreadLocalRunnable.run() FastThreadLocalRunnable.java","334252","0"
"io.grpc.netty.shaded.io.netty.util.concurrent.SingleThreadEventExecutor$5.run() SingleThreadEventExecutor.java","334252","0"
"io.grpc.netty.shaded.io.netty.util.internal.ThreadExecutorMap$2.run() ThreadExecutorMap.java","334252","0"
"io.grpc.netty.shaded.io.netty.channel.epoll.EpollEventLoop.epollWait() EpollEventLoop.java","332969","0"
"io.grpc.netty.shaded.io.netty.channel.epoll.Native.epollWait(FileDescriptor, EpollEventArray, FileDescriptor, int, int) Native.java","332969","0"
"io.grpc.netty.shaded.io.netty.channel.epoll.Native.epollWait0(int, long, int, int, int, int) Native.java (native)","332969","332969"
"java.lang.Thread.sleep(long) Thread.java (native)","202885","202885"
"org.apache.ignite.internal.client.thin.TcpClientChannel.lambda$initReceiverThread$0() TcpClientChannel.java","197902","10"
"org.apache.ignite.internal.client.thin.TcpClientChannel$$Lambda$632.run()","197902","0"
"org.apache.ignite.internal.client.thin.TcpClientChannel.processNextMessage() TcpClientChannel.java","197892","0"
"java.lang.ref.Reference$ReferenceHandler.run() Reference.java","197880","197880"
"org.apache.catalina.core.StandardServer.await() StandardServer.java","197880","0"
"org.springframework.boot.web.embedded.tomcat.TomcatWebServer$1.run() TomcatWebServer.java","197880","0"
"org.apache.ignite.internal.client.thin.TcpClientChannel$ByteCountingDataInput.read(byte[], int) TcpClientChannel.java","197168","10"
"java.net.SocketInputStream.read(byte[], int, int) SocketInputStream.java","197157","197157"
"org.apache.ignite.internal.client.thin.TcpClientChannel$ByteCountingDataInput.readInt() TcpClientChannel.java","171678","0"
"java.util.concurrent.ThreadPoolExecutor$Worker.run() ThreadPoolExecutor.java","33928","20"
"io.grpc.internal.ContextRunnable.run() ContextRunnable.java","33907","0"
"io.grpc.internal.SerializingExecutor.run() SerializingExecutor.java","33907","0"
"com.futurewei.alcor.netwconfigmanager.server.grpc.GoalStateProvisionerServer$GoalStateProvisionerImpl$1.onCompleted() GoalStateProvisionerServer.java","32150","0"
"io.grpc.internal.ServerCallImpl$ServerStreamListenerImpl.halfClosed() ServerCallImpl.java","32150","0"
"io.grpc.internal.ServerImpl$JumpToApplicationThreadServerStreamListener$1HalfClosed.runInContext() ServerImpl.java","32150","0"
"io.grpc.stub.ServerCalls$StreamingServerCallHandler$StreamingServerCallListener.onHalfClose() ServerCalls.java","32150","0"
"com.futurewei.alcor.netwconfigmanager.service.impl.GoalStatePersistenceServiceImpl.getVniInLoop(int) GoalStatePersistenceServiceImpl.java","32129","0"
"org.springframework.aop.framework.CglibAopProxy$DynamicAdvisedInterceptor.intercept(Object, Method, Object[], MethodProxy) CglibAopProxy.java","27585","64"
"org.apache.ignite.internal.client.thin.TcpClientCache.cacheSingleKeyOperation(Object, ClientOperation, Consumer, Function) TcpClientCache.java","27509","10"
"org.apache.ignite.internal.client.thin.ReliableChannel.service(ClientOperation, Consumer, Function) ReliableChannel.java","27486","0"
"org.apache.ignite.internal.client.thin.TcpClientChannel.service(ClientOperation, Consumer, Function) TcpClientChannel.java","27486","0"
"com.futurewei.alcor.netwconfigmanager.cache.VpcResourceCache$$FastClassBySpringCGLIB$$8dfcc42a.invoke(int, Object, Object[]) <generated>","27133","0"
"com.futurewei.alcor.netwconfigmanager.cache.VpcResourceCache$$EnhancerBySpringCGLIB$$829e3684.getResourceMeta(String) <generated>","26855","0"
"com.futurewei.alcor.common.db.ignite.IgniteClientDbCache.get(Object) IgniteClientDbCache.java","26824","0"
"com.futurewei.alcor.netwconfigmanager.cache.VpcResourceCache.getResourceMeta(String) VpcResourceCache.java","26824","0"
"org.apache.ignite.internal.client.thin.TcpClientCache.get(Object) TcpClientCache.java","26824","0"
"org.apache.ignite.internal.client.thin.TcpClientChannel.receive(long, Function) TcpClientChannel.java","26821","0"
"org.apache.ignite.internal.client.thin.ClientUtils.readObject(BinaryInputStream, boolean) ClientUtils.java","26800","0"
"org.apache.ignite.internal.client.thin.TcpClientCache.readObject(PayloadInputChannel) TcpClientCache.java","26800","0"
"org.apache.ignite.internal.client.thin.TcpClientCache.readObject(BinaryInputStream) TcpClientCache.java","26800","0"
"org.apache.ignite.internal.client.thin.TcpClientCache$$Lambda$676.apply(Object)","26800","0"
"org.apache.ignite.internal.binary.GridBinaryMarshaller.deserialize(BinaryInputStream, ClassLoader, BinaryReaderHandles) GridBinaryMarshaller.java","26800","0"
"org.apache.ignite.internal.client.thin.ClientBinaryMarshaller.deserialize(BinaryInputStream, BinaryReaderHandles) ClientBinaryMarshaller.java","26800","0"
"org.apache.ignite.internal.binary.BinaryReaderExImpl.deserialize() BinaryReaderExImpl.java","26790","546"
"org.apache.ignite.internal.client.thin.ReliableChannel.affinityService(int, Object, ClientOperation, Consumer, Function) ReliableChannel.java","26724","0"
"org.apache.ignite.internal.binary.BinaryReaderExImpl.deserialize0() BinaryReaderExImpl.java","26470","2476"
"org.apache.ignite.internal.binary.BinaryClassDescriptor.read(BinaryReaderExImpl) BinaryClassDescriptor.java","25870","149"
"org.apache.ignite.internal.binary.BinaryFieldAccessor.read(Object, BinaryReaderExImpl) BinaryFieldAccessor.java","25870","0"
"org.apache.ignite.internal.binary.BinaryFieldAccessor$DefaultFinalClassAccessor.read0(Object, BinaryReaderExImpl) BinaryFieldAccessor.java","25870","10"
"org.apache.ignite.internal.binary.BinaryReaderExImpl.readField(int) BinaryReaderExImpl.java","25870","22"
"org.apache.ignite.internal.binary.BinaryUtils.doReadMap(BinaryInputStream, BinaryContext, ClassLoader, BinaryReaderHandlesHolder, boolean, boolean, BinaryMapFactory) BinaryUtils.java","25870","331"
"org.apache.ignite.internal.client.thin.ClientUtils.unwrapBinary(Object, BinaryReaderHandles) ClientUtils.java","25870","0"
"org.apache.ignite.internal.client.thin.TcpClientChannel$ByteCountingDataInput.read(int) TcpClientChannel.java","25814","693"
"org.apache.ignite.internal.binary.BinaryUtils.deserializeOrUnmarshal(BinaryInputStream, BinaryContext, ClassLoader, BinaryReaderHandlesHolder, boolean, boolean) BinaryUtils.java","25310","0"
"org.apache.ignite.internal.binary.BinaryUtils.doReadObject(BinaryInputStream, BinaryContext, ClassLoader, BinaryReaderHandlesHolder) BinaryUtils.java","25310","32"
"org.apache.ignite.internal.binary.BinaryUtils.doReadCollection(BinaryInputStream, BinaryContext, ClassLoader, BinaryReaderHandlesHolder, boolean, boolean, BinaryCollectionFactory) BinaryUtils.java","14337","0"
"org.apache.ignite.internal.binary.BinaryReaderExImpl.setHandle(Object, int) BinaryReaderExImpl.java","11356","0"
"org.apache.ignite.internal.binary.BinaryReaderHandles.put(int, Object) BinaryReaderHandles.java","11356","2657"
"java.util.HashMap.put(Object, Object) HashMap.java","10515","10515"
"org.apache.ignite.internal.binary.BinaryReaderExImpl.<init>(BinaryContext, BinaryInputStream, ClassLoader, BinaryReaderHandles, boolean) BinaryReaderExImpl.java","5623","4948"
"java.util.HashSet.add(Object) HashSet.java","1942","1942"
"java.lang.reflect.Field.set(Object, Object) Field.java","1747","1747"
"io.grpc.internal.ServerCallImpl$ServerStreamListenerImpl.messagesAvailable(StreamListener$MessageProducer) ServerCallImpl.java","1734","0"
"io.grpc.internal.ServerCallImpl$ServerStreamListenerImpl.messagesAvailableInternal(StreamListener$MessageProducer) ServerCallImpl.java","1734","0"
"io.grpc.internal.ServerImpl$JumpToApplicationThreadServerStreamListener$1MessagesAvailable.runInContext() ServerImpl.java","1734","0"
"java.lang.ClassLoader.loadClass(String) ClassLoader.java","1528","1745"
"com.futurewei.alcor.netwconfigmanager.server.grpc.GoalStateProvisionerServer$GoalStateProvisionerImpl$1.onNext(Object) GoalStateProvisionerServer.java","1475","0"
"com.futurewei.alcor.netwconfigmanager.server.grpc.GoalStateProvisionerServer$GoalStateProvisionerImpl$1.onNext(Goalstate$GoalStateV2) GoalStateProvisionerServer.java","1475","0"
"io.grpc.stub.ServerCalls$StreamingServerCallHandler$StreamingServerCallListener.onMessage(Object) ServerCalls.java","1475","0"
"java.util.concurrent.ConcurrentHashMap.get(Object) ConcurrentHashMap.java","1169","1169"
"com.futurewei.alcor.netwconfigmanager.service.impl.GoalStatePersistenceServiceImpl.updateGoalState(String, HostGoalState) GoalStatePersistenceServiceImpl.java","1145","0"
"org.apache.ignite.internal.binary.BinaryContext.descriptorForTypeId(boolean, int, ClassLoader, boolean) BinaryContext.java","1134","0"
"org.apache.ignite.internal.client.thin.TcpIgniteClient$ClientMarshallerContext.getClass(int, ClassLoader) TcpIgniteClient.java","1069","0"
"org.apache.ignite.internal.util.IgniteUtils.forName(String, ClassLoader, IgnitePredicate) IgniteUtils.java","1069","0"
"io.grpc.netty.shaded.io.netty.util.concurrent.SingleThreadEventExecutor.runAllTasks(long) SingleThreadEventExecutor.java","939","0"
"org.apache.ignite.internal.binary.BinaryReaderExImpl.setHandle(Object) BinaryReaderExImpl.java","932","0"
"io.grpc.netty.shaded.io.netty.util.concurrent.AbstractEventExecutor.safeExecute(Runnable) AbstractEventExecutor.java","918","0"
"io.grpc.netty.shaded.io.grpc.netty.NettyServer$1.initChannel(Channel) NettyServer.java","851","0"
"io.grpc.netty.shaded.io.netty.channel.AbstractChannel$AbstractUnsafe.register0(ChannelPromise) AbstractChannel.java","851","0"
"io.grpc.netty.shaded.io.netty.channel.AbstractChannel$AbstractUnsafe$1.run() AbstractChannel.java","851","0"
"io.grpc.netty.shaded.io.netty.channel.AbstractChannelHandlerContext.callHandlerAdded() AbstractChannelHandlerContext.java","851","0"
"io.grpc.netty.shaded.io.netty.channel.ChannelInitializer.handlerAdded(ChannelHandlerContext) ChannelInitializer.java","851","0"
"io.grpc.netty.shaded.io.netty.channel.ChannelInitializer.initChannel(ChannelHandlerContext) ChannelInitializer.java","851","0"
"io.grpc.netty.shaded.io.netty.channel.DefaultChannelPipeline.callHandlerAdded0(AbstractChannelHandlerContext) DefaultChannelPipeline.java","851","0"
"io.grpc.netty.shaded.io.netty.channel.DefaultChannelPipeline.callHandlerAddedForAllHandlers() DefaultChannelPipeline.java","851","0"
"io.grpc.netty.shaded.io.netty.channel.DefaultChannelPipeline.invokeHandlerAddedIfNeeded() DefaultChannelPipeline.java","851","0"
"io.grpc.netty.shaded.io.netty.channel.DefaultChannelPipeline$PendingHandlerAddedTask.execute() DefaultChannelPipeline.java","851","0"
"io.grpc.netty.shaded.io.grpc.netty.NettyServerTransport.start(ServerTransportListener) NettyServerTransport.java","730","0"
"com.futurewei.alcor.netwconfigmanager.service.impl.GoalStatePersistenceServiceImpl.populateVpcResourceCache(HostGoalState, Map) GoalStatePersistenceServiceImpl.java","701","0"
"com.futurewei.alcor.common.db.ignite.IgniteClientDbCache.put(Object, Object) IgniteClientDbCache.java","684","0"
"org.apache.ignite.internal.client.thin.TcpClientCache.put(Object, Object) TcpClientCache.java","684","0"
"org.apache.ignite.internal.binary.BinaryReaderExImpl.<init>(BinaryContext, BinaryInputStream, ClassLoader, BinaryReaderHandles, boolean, boolean) BinaryReaderExImpl.java","674","652"
"org.apache.ignite.internal.client.thin.TcpClientChannel.send(ClientOperation, Consumer) TcpClientChannel.java","665","0"
"io.grpc.netty.shaded.io.grpc.netty.NettyServerTransport.createHandler(ServerTransportListener, ChannelPromise) NettyServerTransport.java","616","0"
"org.apache.ignite.internal.binary.BinaryUtils.doReadBinaryObject(BinaryInputStream, BinaryContext, boolean) BinaryUtils.java","599","10"
"org.apache.ignite.internal.binary.BinaryUtils.doReadByteArray(BinaryInputStream) BinaryUtils.java","588","0"
"org.apache.ignite.internal.binary.streams.BinaryAbstractInputStream.readByteArray(int) BinaryAbstractInputStream.java","588","588"
"org.apache.ignite.internal.binary.BinaryFieldAccessor$DefaultFinalClassAccessor.readFixedType(BinaryReaderExImpl) BinaryFieldAccessor.java","568","0"
"org.apache.ignite.internal.binary.BinaryReaderExImpl.readString(int) BinaryReaderExImpl.java","568","0"
"org.apache.ignite.internal.binary.BinaryReaderExImpl.readString() BinaryReaderExImpl.java","568","556"
"com.futurewei.alcor.common.logging.Logger.log(Level, String) Logger.java","524","0"
"java.util.logging.Logger.log(Level, String) Logger.java","524","514"
"io.jaegertracing.internal.reporters.RemoteReporter.flush() RemoteReporter.java","425","10"
"io.jaegertracing.internal.reporters.RemoteReporter$1.run() RemoteReporter.java","425","0"
"java.util.TimerThread.run() Timer.java","425","0"
"java.util.concurrent.ArrayBlockingQueue.offer(Object) ArrayBlockingQueue.java","415","415"
"com.futurewei.alcor.netwconfigmanager.cache.ResourceStateCache$$EnhancerBySpringCGLIB$$ee189f20.addResourceState(String, Object) <generated>","365","0"
"com.futurewei.alcor.netwconfigmanager.cache.ResourceStateCache.addResourceState(String, Object) ResourceStateCache.java","354","0"
"com.futurewei.alcor.netwconfigmanager.cache.ResourceStateCache$$FastClassBySpringCGLIB$$d3c76de.invoke(int, Object, Object[]) <generated>","354","0"
"io.grpc.netty.shaded.io.netty.channel.epoll.EpollEventLoop.processReady(EpollEventArray, int) EpollEventLoop.java","344","0"
"io.grpc.netty.shaded.io.grpc.netty.NettyServerHandler.newHandler(ServerTransportListener, ChannelPromise, List, TransportTracer, int, int, int, int, long, long, long, long, long, boolean, long) NettyServerHandler.java","342","0"
"org.apache.ignite.internal.client.thin.TcpClientChannel$ByteCountingDataInput.readLong() TcpClientChannel.java","327","0"
"java.net.SocketOutputStream.write(byte[], int, int) SocketOutputStream.java","324","324"
"org.apache.ignite.internal.client.thin.TcpClientChannel.write(byte[], int) TcpClientChannel.java","324","0"
"org.apache.ignite.internal.client.thin.TcpClientCache.lambda$cacheSingleKeyOperation$26(Object, Consumer, PayloadOutputChannel) TcpClientCache.java","318","0"
"org.apache.ignite.internal.client.thin.TcpClientCache$$Lambda$677.accept(Object)","318","0"
"org.apache.ignite.internal.client.thin.ClientUtils.writeObject(BinaryOutputStream, Object) ClientUtils.java","318","0"
"org.apache.ignite.internal.client.thin.TcpClientCache.writeObject(PayloadOutputChannel, Object) TcpClientCache.java","318","0"
"com.google.protobuf.AbstractMessage.toString() AbstractMessage.java","318","0"
"com.futurewei.alcor.netwconfigmanager.cache.VpcResourceCache.addResourceMeta(VpcResourceMeta) VpcResourceCache.java","308","0"
"com.futurewei.alcor.netwconfigmanager.cache.VpcResourceCache$$EnhancerBySpringCGLIB$$829e3684.addResourceMeta(VpcResourceMeta) <generated>","308","0"
"org.apache.ignite.internal.client.thin.TcpClientCache.lambda$put$0(Object, PayloadOutputChannel) TcpClientCache.java","308","0"
"org.apache.ignite.internal.client.thin.TcpClientCache$$Lambda$678.accept(Object)","308","0"
"org.apache.ignite.internal.binary.GridBinaryMarshaller.marshal(Object, boolean) GridBinaryMarshaller.java","306","0"
"org.apache.ignite.internal.client.thin.ClientBinaryMarshaller.marshal(Object) ClientBinaryMarshaller.java","306","0"
"com.google.protobuf.TextFormat.print(MessageOrBuilder, Appendable) TextFormat.java","306","0"
"com.google.protobuf.TextFormat.printToString(MessageOrBuilder) TextFormat.java","306","0"
"com.google.protobuf.TextFormat$Printer.print(MessageOrBuilder, TextFormat$TextGenerator) TextFormat.java","306","10"
"org.apache.ignite.internal.binary.BinaryWriterExImpl.marshal(Object, boolean) BinaryWriterExImpl.java","296","0"
"org.apache.ignite.internal.binary.BinaryWriterExImpl.marshal(Object) BinaryWriterExImpl.java","296","0"
"org.apache.ignite.internal.binary.BinaryWriterExImpl.marshal0(Object, boolean) BinaryWriterExImpl.java","296","0"
"com.google.protobuf.GeneratedMessageV3.getAllFields() GeneratedMessageV3.java","262","0"
"com.google.protobuf.GeneratedMessageV3.getAllFieldsMutable(boolean) GeneratedMessageV3.java","262","0"
"com.futurewei.alcor.schema.Goalstate$GoalStateV2$1.parsePartialFrom(CodedInputStream, ExtensionRegistryLite) Goalstate.java","258","0"
"com.futurewei.alcor.schema.Goalstate$GoalStateV2$1.parsePartialFrom(CodedInputStream, ExtensionRegistryLite) Goalstate.java","258","0"
"com.google.protobuf.AbstractParser.parseFrom(CodedInputStream, ExtensionRegistryLite) AbstractParser.java","258","0"
"com.google.protobuf.AbstractParser.parseFrom(CodedInputStream, ExtensionRegistryLite) AbstractParser.java","258","0"
"io.grpc.MethodDescriptor.parseRequest(InputStream) MethodDescriptor.java","258","0"
"io.grpc.protobuf.lite.ProtoLiteUtils$MessageMarshaller.parse(InputStream) ProtoLiteUtils.java","258","0"
"io.grpc.protobuf.lite.ProtoLiteUtils$MessageMarshaller.parse(InputStream) ProtoLiteUtils.java","258","0"
"io.grpc.protobuf.lite.ProtoLiteUtils$MessageMarshaller.parseFrom(CodedInputStream) ProtoLiteUtils.java","258","0"
"com.futurewei.alcor.schema.Goalstate$GoalStateV2.<init>(CodedInputStream, ExtensionRegistryLite) Goalstate.java","247","0"
"com.google.protobuf.TextFormat$Printer.printField(Descriptors$FieldDescriptor, Object, TextFormat$TextGenerator) TextFormat.java","245","0"
"com.google.protobuf.TextFormat$Printer.printFieldValue(Descriptors$FieldDescriptor, Object, TextFormat$TextGenerator) TextFormat.java","245","0"
"com.google.protobuf.TextFormat$Printer.printSingleField(Descriptors$FieldDescriptor, Object, TextFormat$TextGenerator) TextFormat.java","245","0"
"io.grpc.netty.shaded.io.netty.channel.AbstractChannelHandlerContext.invokeChannelRead(AbstractChannelHandlerContext, Object) AbstractChannelHandlerContext.java","228","0"
"io.grpc.netty.shaded.io.netty.channel.DefaultChannelPipeline.fireChannelRead(Object) DefaultChannelPipeline.java","228","0"
"io.grpc.netty.shaded.io.netty.channel.AbstractChannelHandlerContext.fireChannelRead(Object) AbstractChannelHandlerContext.java","217","0"
"io.grpc.netty.shaded.io.netty.channel.AbstractChannelHandlerContext.invokeChannelRead(Object) AbstractChannelHandlerContext.java","217","0"
"io.grpc.netty.shaded.io.netty.channel.DefaultChannelPipeline$HeadContext.channelRead(ChannelHandlerContext, Object) DefaultChannelPipeline.java","217","0"
"io.grpc.netty.shaded.io.netty.channel.epoll.AbstractEpollStreamChannel$EpollStreamUnsafe.epollInReady() AbstractEpollStreamChannel.java","205","0"
"io.grpc.netty.shaded.io.netty.handler.codec.ByteToMessageDecoder.channelRead(ChannelHandlerContext, Object) ByteToMessageDecoder.java","205","0"
"org.apache.ignite.internal.binary.BinaryClassDescriptor.write(Object, BinaryWriterExImpl) BinaryClassDescriptor.java","200","0"
"com.google.protobuf.GeneratedMessageV3$FieldAccessorTable.ensureFieldAccessorsInitialized(Class, Class) GeneratedMessageV3.java","191","12"
"com.futurewei.alcor.schema.Goalstate$GoalStateV2$HostResourcesDefaultEntryHolder.<clinit>() Goalstate.java","190","0"
"org.apache.ignite.internal.binary.BinaryFieldAccessor.write(Object, BinaryWriterExImpl) BinaryFieldAccessor.java","190","22"
"org.apache.ignite.internal.binary.BinaryFieldAccessor$DefaultFinalClassAccessor.write0(Object, BinaryWriterExImpl) BinaryFieldAccessor.java","190","0"
"com.futurewei.alcor.netwconfigmanager.service.impl.GoalStatePersistenceServiceImpl.processPortStates(HostGoalState) GoalStatePersistenceServiceImpl.java","186","0"
"io.grpc.netty.shaded.io.netty.handler.codec.ByteToMessageDecoder.callDecode(ChannelHandlerContext, ByteBuf, List) ByteToMessageDecoder.java","183","0"
"io.grpc.netty.shaded.io.netty.handler.codec.ByteToMessageDecoder.decodeRemovalReentryProtection(ChannelHandlerContext, ByteBuf, List) ByteToMessageDecoder.java","183","0"
"io.grpc.netty.shaded.io.netty.handler.codec.http2.DefaultHttp2ConnectionDecoder.decodeFrame(ChannelHandlerContext, ByteBuf, List) DefaultHttp2ConnectionDecoder.java","183","0"
"io.grpc.netty.shaded.io.netty.handler.codec.http2.DefaultHttp2FrameReader.processPayloadState(ChannelHandlerContext, ByteBuf, Http2FrameListener) DefaultHttp2FrameReader.java","183","0"
"io.grpc.netty.shaded.io.netty.handler.codec.http2.DefaultHttp2FrameReader.readFrame(ChannelHandlerContext, ByteBuf, Http2FrameListener) DefaultHttp2FrameReader.java","183","0"
"io.grpc.netty.shaded.io.netty.handler.codec.http2.Http2ConnectionHandler.decode(ChannelHandlerContext, ByteBuf, List) Http2ConnectionHandler.java","183","0"
"io.grpc.netty.shaded.io.netty.handler.codec.http2.Http2ConnectionHandler$FrameDecoder.decode(ChannelHandlerContext, ByteBuf, List) Http2ConnectionHandler.java","183","0"
"io.grpc.netty.shaded.io.netty.handler.codec.http2.Http2InboundFrameLogger.readFrame(ChannelHandlerContext, ByteBuf, Http2FrameListener) Http2InboundFrameLogger.java","183","0"
"com.futurewei.alcor.schema.Goalstate.<clinit>() Goalstate.java","178","0"
"io.grpc.netty.shaded.io.netty.handler.codec.http2.Http2ConnectionHandler.<clinit>() Http2ConnectionHandler.java","170","0"
"org.apache.ignite.internal.binary.BinaryWriterExImpl.doWriteMap(Map) BinaryWriterExImpl.java","169","0"
"org.apache.ignite.internal.binary.BinaryWriterExImpl.writeMapField(Map) BinaryWriterExImpl.java","169","0"
"org.apache.ignite.internal.binary.BinaryWriterExImpl.doWriteObject(Object) BinaryWriterExImpl.java","169","0"
"io.grpc.netty.shaded.io.netty.handler.codec.http2.DefaultHttp2FrameReader.readHeadersFrame(ChannelHandlerContext, ByteBuf, int, Http2FrameListener) DefaultHttp2FrameReader.java","160","0"
"com.futurewei.alcor.netwconfigmanager.service.impl.GoalStatePersistenceServiceImpl.processNeighborStates(HostGoalState) GoalStatePersistenceServiceImpl.java","155","0"
"java.lang.Class.getMethod(String, Class[]) Class.java","155","155"
"io.grpc.netty.shaded.io.netty.handler.codec.http2.DefaultHttp2FrameReader$1.processFragment(boolean, ByteBuf, int, Http2FrameListener) DefaultHttp2FrameReader.java","150","0"
"com.google.protobuf.Descriptors$FileDescriptor.internalBuildGeneratedFileFrom(String[], Descriptors$FileDescriptor[], Descriptors$FileDescriptor$InternalDescriptorAssigner) Descriptors.java","145","0"
"com.google.protobuf.GeneratedMessageV3.getMethodOrDie(Class, String, Class[]) GeneratedMessageV3.java","145","0"
"java.lang.reflect.Method.invoke(Object, Object[]) Method.java","140","45"
"io.grpc.netty.shaded.io.netty.handler.codec.http2.DefaultHttp2ConnectionDecoder$FrameReadListener.onHeadersRead(ChannelHandlerContext, int, Http2Headers, int, short, boolean, int, boolean) DefaultHttp2ConnectionDecoder.java","139","0"
"io.grpc.netty.shaded.io.netty.handler.codec.http2.Http2InboundFrameLogger$1.onHeadersRead(ChannelHandlerContext, int, Http2Headers, int, short, boolean, int, boolean) Http2InboundFrameLogger.java","139","0"
"io.grpc.netty.shaded.io.grpc.netty.NettyServerHandler.newHandler(ChannelPromise, Http2FrameReader, Http2FrameWriter, ServerTransportListener, List, TransportTracer, int, int, int, int, long, long, long, long, long, boolean, long) NettyServerHandler.java","138","24"
"io.grpc.netty.shaded.io.netty.channel.epoll.AbstractEpollServerChannel$EpollServerSocketUnsafe.epollInReady() AbstractEpollServerChannel.java","138","0"
"io.grpc.netty.shaded.io.grpc.netty.NettyServerHandler.onHeadersRead(ChannelHandlerContext, int, Http2Headers) NettyServerHandler.java","127","0"
"io.grpc.netty.shaded.io.grpc.netty.NettyServerHandler$FrameListener.onHeadersRead(ChannelHandlerContext, int, Http2Headers, int, short, boolean, int, boolean) NettyServerHandler.java","127","0"
"io.grpc.netty.shaded.io.grpc.netty.ProtocolNegotiators$1$1PlaintextHandler.handlerAdded(ChannelHandlerContext) ProtocolNegotiators.java","113","0"
"io.grpc.netty.shaded.io.netty.channel.DefaultChannelPipeline.addLast(EventExecutorGroup, ChannelHandler[]) DefaultChannelPipeline.java","113","0"
"io.grpc.netty.shaded.io.netty.channel.DefaultChannelPipeline.addLast(ChannelHandler[]) DefaultChannelPipeline.java","113","0"
"io.grpc.netty.shaded.io.netty.channel.DefaultChannelPipeline.addLast(EventExecutorGroup, String, ChannelHandler) DefaultChannelPipeline.java","113","0"
"io.grpc.netty.shaded.io.netty.channel.DefaultChannelPipeline.replace(AbstractChannelHandlerContext, String, ChannelHandler) DefaultChannelPipeline.java","113","0"
"io.grpc.netty.shaded.io.netty.channel.DefaultChannelPipeline.replace(ChannelHandler, String, ChannelHandler) DefaultChannelPipeline.java","113","0"
"com.google.protobuf.GeneratedMessageV3$FieldAccessorTable$SingularFieldAccessor.<init>(Descriptors$FieldDescriptor, String, Class, Class, String) GeneratedMessageV3.java","110","0"
"io.grpc.netty.shaded.io.grpc.netty.NettyServerHandler.handlerAdded(ChannelHandlerContext) NettyServerHandler.java","102","0"
"com.futurewei.alcor.schema.Common.<clinit>() Common.java","101","0"
"com.google.protobuf.AbstractMessageLite.toByteArray() AbstractMessageLite.java","95","0"
"com.google.protobuf.GeneratedMessageLite$SerializedForm.<init>(MessageLite) GeneratedMessageLite.java","95","0"
"com.google.protobuf.GeneratedMessageV3.writeReplace() GeneratedMessageV3.java","95","0"
"org.apache.ignite.internal.binary.BinaryClassDescriptor.writeReplace(Object) BinaryClassDescriptor.java","95","0"
"org.apache.ignite.internal.binary.BinaryMethodWriteReplacer.replace(Object) BinaryMethodWriteReplacer.java","95","0"
"com.google.protobuf.AbstractParser.parseFrom(byte[], ExtensionRegistryLite) AbstractParser.java","90","0"
"com.google.protobuf.AbstractParser.parseFrom(byte[]) AbstractParser.java","90","0"
"com.google.protobuf.AbstractParser.parseFrom(byte[], int, int, ExtensionRegistryLite) AbstractParser.java","90","0"
"com.google.protobuf.AbstractParser.parseFrom(byte[]) AbstractParser.java","90","0"
"com.google.protobuf.AbstractParser.parsePartialFrom(byte[], int, int, ExtensionRegistryLite) AbstractParser.java","90","0"
"com.google.protobuf.DescriptorProtos$FileDescriptorProto.<init>(CodedInputStream, ExtensionRegistryLite, DescriptorProtos$1) DescriptorProtos.java","90","0"
"com.google.protobuf.DescriptorProtos$FileDescriptorProto.<init>(CodedInputStream, ExtensionRegistryLite) DescriptorProtos.java","90","0"
"com.google.protobuf.DescriptorProtos$FileDescriptorProto.parseFrom(byte[]) DescriptorProtos.java","90","0"
"com.google.protobuf.DescriptorProtos$FileDescriptorProto$1.parsePartialFrom(CodedInputStream, ExtensionRegistryLite) DescriptorProtos.java","90","0"
"com.google.protobuf.DescriptorProtos$FileDescriptorProto$1.parsePartialFrom(CodedInputStream, ExtensionRegistryLite) DescriptorProtos.java","90","0"
"com.futurewei.alcor.netwconfigmanager.entity.VpcResourceMeta.getResourceMeta(String) VpcResourceMeta.java","89","0"
"io.grpc.netty.shaded.io.netty.channel.epoll.AbstractEpollChannel$AbstractEpollUnsafe.newEpollHandle(RecvByteBufAllocator$ExtendedHandle) AbstractEpollChannel.java","79","0"
"io.grpc.netty.shaded.io.netty.channel.epoll.AbstractEpollChannel$AbstractEpollUnsafe.recvBufAllocHandle() AbstractEpollChannel.java","79","0"
"com.google.protobuf.CodedInputStream$ArrayDecoder.readMessage(Parser, ExtensionRegistryLite) CodedInputStream.java","79","0"
"io.grpc.netty.shaded.io.grpc.netty.AbstractNettyHandler.handlerAdded(ChannelHandlerContext) AbstractNettyHandler.java","78","0"
"com.google.protobuf.CodedOutputStream.computeMessageSize(int, MessageLite) CodedOutputStream.java","74","0"
"com.google.protobuf.CodedOutputStream.computeMessageSizeNoTag(MessageLite) CodedOutputStream.java","74","0"
"io.grpc.netty.shaded.io.netty.buffer.AbstractByteBufAllocator.directBuffer(int, int) AbstractByteBufAllocator.java","70","0"
"io.grpc.netty.shaded.io.netty.buffer.AbstractByteBufAllocator.directBuffer(int) AbstractByteBufAllocator.java","70","0"
"io.grpc.netty.shaded.io.netty.handler.codec.http2.DecoratingHttp2FrameWriter.writeSettings(ChannelHandlerContext, Http2Settings, ChannelPromise) DecoratingHttp2FrameWriter.java","68","0"
"io.grpc.netty.shaded.io.netty.handler.codec.http2.DefaultHttp2ConnectionEncoder.writeSettings(ChannelHandlerContext, Http2Settings, ChannelPromise) DefaultHttp2ConnectionEncoder.java","68","0"
"io.grpc.netty.shaded.io.netty.handler.codec.http2.Http2ConnectionHandler.handlerAdded(ChannelHandlerContext) Http2ConnectionHandler.java","68","0"
"io.grpc.netty.shaded.io.netty.handler.codec.http2.Http2ConnectionHandler$PrefaceDecoder.<init>(Http2ConnectionHandler, ChannelHandlerContext) Http2ConnectionHandler.java","68","0"
"io.grpc.netty.shaded.io.netty.handler.codec.http2.Http2ConnectionHandler$PrefaceDecoder.sendPreface(ChannelHandlerContext) Http2ConnectionHandler.java","68","0"
"io.grpc.netty.shaded.io.netty.handler.codec.http2.Http2OutboundFrameLogger.writeSettings(ChannelHandlerContext, Http2Settings, ChannelPromise) Http2OutboundFrameLogger.java","68","0"
"org.apache.ignite.internal.binary.BinaryWriterExImpl.doWriteCollection(Collection) BinaryWriterExImpl.java","67","0"
"org.apache.ignite.internal.binary.BinaryWriterExImpl.writeCollectionField(Collection) BinaryWriterExImpl.java","67","0"
"java.lang.invoke.MethodHandleNatives.linkCallSite(Object, int, Object, Object, Object, Object, Object[]) MethodHandleNatives.java","65","65"
"io.grpc.netty.shaded.io.grpc.netty.GrpcHttp2HeadersUtils$GrpcHttp2ServerHeadersDecoder.<init>(long) GrpcHttp2HeadersUtils.java","62","0"
"io.grpc.netty.shaded.io.netty.handler.codec.http2.DefaultHttp2HeadersDecoder.<init>(boolean, long, int) DefaultHttp2HeadersDecoder.java","62","0"
"io.grpc.netty.shaded.io.netty.handler.codec.http2.DefaultHttp2HeadersDecoder.<init>(boolean, long) DefaultHttp2HeadersDecoder.java","62","0"
"io.grpc.netty.shaded.io.netty.handler.codec.http2.DefaultHttp2FrameWriter.<init>() DefaultHttp2FrameWriter.java","61","0"
"com.google.protobuf.GeneratedMessageV3.getField(Descriptors$FieldDescriptor) GeneratedMessageV3.java","58","0"
"io.grpc.netty.shaded.io.grpc.netty.NettyServerTransport.<clinit>() NettyServerTransport.java","57","10"
"io.grpc.netty.shaded.io.netty.buffer.AbstractByteBufAllocator.buffer(int) AbstractByteBufAllocator.java","57","0"
"io.grpc.netty.shaded.io.netty.buffer.PooledByteBufAllocator.newDirectBuffer(int, int) PooledByteBufAllocator.java","57","0"
"io.grpc.netty.shaded.io.netty.handler.codec.http2.DefaultHttp2FrameWriter.writeSettings(ChannelHandlerContext, Http2Settings, ChannelPromise) DefaultHttp2FrameWriter.java","57","0"
"com.futurewei.alcor.schema.Gateway.<clinit>() Gateway.java","55","0"
"com.futurewei.alcor.schema.Vpc.<clinit>() Vpc.java","55","0"
"com.google.protobuf.GeneratedMessageV3$FieldAccessorTable$SingularEnumFieldAccessor.<init>(Descriptors$FieldDescriptor, String, Class, Class, String) GeneratedMessageV3.java","52","0"
"io.grpc.netty.shaded.io.netty.handler.codec.http2.DefaultHttp2HeadersEncoder.<init>() DefaultHttp2HeadersEncoder.java","50","0"
"io.grpc.netty.shaded.io.netty.buffer.Unpooled.wrappedBuffer(byte[]) Unpooled.java","50","0"
"com.futurewei.alcor.schema.Goalstate$GoalStateV2.internalGetFieldAccessorTable() Goalstate.java","48","0"
"java.util.IdentityHashMap.put(Object, Object) IdentityHashMap.java","48","48"
"org.apache.ignite.internal.binary.BinaryWriterExImpl.tryWriteAsHandle(Object) BinaryWriterExImpl.java","48","0"
"org.apache.ignite.internal.binary.BinaryWriterHandles.put(Object, int) BinaryWriterHandles.java","48","0"
"com.google.protobuf.MapEntry.<init>(MapEntry$Metadata, CodedInputStream, ExtensionRegistryLite) MapEntry.java","46","12"
"com.google.protobuf.MapEntry.<init>(MapEntry$Metadata, CodedInputStream, ExtensionRegistryLite, MapEntry$1) MapEntry.java","46","0"
"com.google.protobuf.MapEntry$Metadata$1.parsePartialFrom(CodedInputStream, ExtensionRegistryLite) MapEntry.java","46","0"
"com.google.protobuf.MapEntry$Metadata$1.parsePartialFrom(CodedInputStream, ExtensionRegistryLite) MapEntry.java","46","0"
"com.google.protobuf.GeneratedMessageV3.invokeOrDie(Method, Object, Object[]) GeneratedMessageV3.java","45","0"
"io.grpc.internal.StatsTraceContext.newServerContext(List, String, Metadata) StatsTraceContext.java","45","0"
"com.google.protobuf.Descriptors$FileDescriptor.buildFrom(DescriptorProtos$FileDescriptorProto, Descriptors$FileDescriptor[], boolean) Descriptors.java","43","0"
"com.futurewei.alcor.schema.Port$PortConfiguration.getSerializedSize() Port.java","41","0"
"com.futurewei.alcor.schema.Port$PortState.getSerializedSize() Port.java","41","0"
"org.apache.ignite.internal.client.thin.TcpClientChannel$ByteCountingDataInput.readShort() TcpClientChannel.java","41","0"
"io.grpc.netty.shaded.io.netty.buffer.PoolArena.allocate(PoolThreadCache, int, int) PoolArena.java","35","0"
"com.futurewei.alcor.netwconfigmanager.cache.HostResourceMetadataCache$$EnhancerBySpringCGLIB$$521f3dc0.getTransaction() <generated>","34","0"
"io.grpc.netty.shaded.io.netty.handler.codec.http2.Http2Headers$PseudoHeaderName.<clinit>() Http2Headers.java","34","0"
"io.grpc.netty.shaded.io.netty.handler.codec.http2.ReadOnlyHttp2Headers.serverHeaders(boolean, AsciiString, AsciiString[]) ReadOnlyHttp2Headers.java","34","0"
"java.lang.invoke.LambdaForm$MH.182988318.linkToTargetMethod(Object, int, long, Object) LambdaForm$MH","34","34"
"io.grpc.netty.shaded.io.netty.channel.epoll.EpollRecvByteAllocatorHandle.<init>(RecvByteBufAllocator$ExtendedHandle) EpollRecvByteAllocatorHandle.java","34","0"
"io.grpc.internal.AbstractStream$TransportState.requestMessagesFromDeframer(int) AbstractStream.java","33","0"
"io.grpc.internal.MessageDeframer.deliver() MessageDeframer.java","33","0"
"io.grpc.internal.MessageDeframer.request(int) MessageDeframer.java","33","0"
"io.grpc.netty.shaded.io.grpc.netty.NettyServerStream$Sink$1.run() NettyServerStream.java","33","0"
"com.google.protobuf.GeneratedMessageV3$FieldAccessorTable$SingularFieldAccessor.get(GeneratedMessageV3) GeneratedMessageV3.java","33","0"
"io.grpc.internal.CensusStatsModule$ServerTracerFactory.newServerStreamTracer(String, Metadata) CensusStatsModule.java","33","0"
"com.futurewei.alcor.netwconfigmanager.service.impl.GoalStatePersistenceServiceImpl.processVpcStates(HostGoalState) GoalStatePersistenceServiceImpl.java","32","0"
"com.futurewei.alcor.netwconfigmanager.cache.HostResourceMetadataCache$$FastClassBySpringCGLIB$$fc3227be.invoke(int, Object, Object[]) <generated>","32","0"
"java.lang.Integer.valueOf(int) Integer.java","32","32"
"java.lang.String.getBytes(Charset) String.java","32","32"
"io.grpc.netty.shaded.io.grpc.netty.WriteQueue.flush() WriteQueue.java","32","0"
"io.grpc.netty.shaded.io.grpc.netty.WriteQueue$1.run() WriteQueue.java","32","0"
"java.util.concurrent.locks.LockSupport.unpark(Thread) LockSupport.java","30","30"
"org.apache.ignite.internal.util.future.GridFutureAdapter.onDone(Object, Throwable, boolean) GridFutureAdapter.java","30","0"
"org.apache.ignite.internal.util.future.GridFutureAdapter.onDone(Object, Throwable) GridFutureAdapter.java","30","0"
"org.apache.ignite.internal.util.future.GridFutureAdapter.unblock(Object) GridFutureAdapter.java","30","0"
"org.apache.ignite.internal.util.future.GridFutureAdapter.unblockAll(GridFutureAdapter$Node) GridFutureAdapter.java","30","0"
"io.grpc.netty.shaded.io.netty.handler.codec.http2.DefaultHttp2HeadersDecoder.<init>(boolean, HpackDecoder) DefaultHttp2HeadersDecoder.java","29","0"
"io.grpc.netty.shaded.io.netty.handler.codec.http2.Http2CodecUtil.<clinit>() Http2CodecUtil.java","29","0"
"io.grpc.netty.shaded.io.netty.handler.codec.http2.Http2HeadersEncoder.<clinit>() Http2HeadersEncoder.java","26","0"
"jdk.internal.misc.InnocuousThread.run() InnocuousThread.java","26","26"
"com.futurewei.alcor.schema.Port$PortConfiguration.internalGetFieldAccessorTable() Port.java","25","0"
"io.grpc.internal.AbstractServerStream$TransportState.<init>(int, StatsTraceContext, TransportTracer) AbstractServerStream.java","24","0"
"io.grpc.internal.AbstractStream$TransportState.<init>(int, StatsTraceContext, TransportTracer) AbstractStream.java","24","0"
"io.grpc.netty.shaded.io.grpc.netty.NettyServerStream$TransportState.<init>(NettyServerHandler, EventLoop, Http2Stream, int, StatsTraceContext, TransportTracer, String) NettyServerStream.java","24","0"
"com.futurewei.alcor.schema.Goalstate$ResourceIdType.internalGetFieldAccessorTable() Goalstate.java","24","0"
"com.futurewei.alcor.schema.Subnet$SubnetState.internalGetFieldAccessorTable() Subnet.java","24","0"
"io.grpc.internal.ServerImpl$ServerListenerImpl.transportCreated(ServerTransport) ServerImpl.java","24","0"
"io.grpc.netty.shaded.io.netty.buffer.PoolArena.allocate(PoolThreadCache, PooledByteBuf, int) PoolArena.java","24","0"
"io.grpc.netty.shaded.io.netty.buffer.PoolArena.allocateNormal(PooledByteBuf, int, int) PoolArena.java","24","0"
"io.grpc.netty.shaded.io.netty.buffer.PoolArena$DirectArena.newChunk(int, int, int, int) PoolArena.java","24","0"
"io.grpc.netty.shaded.io.netty.channel.epoll.AbstractEpollStreamChannel.<init>(Channel, LinuxSocket, SocketAddress) AbstractEpollStreamChannel.java","24","0"
"io.grpc.netty.shaded.io.netty.channel.epoll.EpollServerSocketChannel.newChildChannel(int, byte[], int, int) EpollServerSocketChannel.java","24","0"
"io.grpc.netty.shaded.io.netty.channel.epoll.EpollSocketChannel.<init>(Channel, LinuxSocket, InetSocketAddress) EpollSocketChannel.java","24","0"
"io.grpc.netty.shaded.io.netty.handler.codec.http2.DefaultHttp2HeadersEncoder.<init>(Http2HeadersEncoder$SensitivityDetector) DefaultHttp2HeadersEncoder.java","24","0"
"io.grpc.netty.shaded.io.netty.handler.codec.http2.WeightedFairQueueByteDistributor.<init>(Http2Connection, int) WeightedFairQueueByteDistributor.java","24","0"
"io.grpc.netty.shaded.io.netty.handler.codec.http2.WeightedFairQueueByteDistributor.<init>(Http2Connection) WeightedFairQueueByteDistributor.java","24","0"
"java.lang.ThreadLocal.get() ThreadLocal.java","24","24"
"io.grpc.netty.shaded.io.netty.buffer.AbstractByteBuf.<clinit>() AbstractByteBuf.java","23","10"
"io.grpc.netty.shaded.io.netty.buffer.Unpooled.<clinit>() Unpooled.java","22","0"
"com.google.protobuf.DescriptorProtos$DescriptorProto.<init>(CodedInputStream, ExtensionRegistryLite, DescriptorProtos$1) DescriptorProtos.java","22","0"
"com.google.protobuf.DescriptorProtos$DescriptorProto.<init>(CodedInputStream, ExtensionRegistryLite) DescriptorProtos.java","22","0"
"com.google.protobuf.DescriptorProtos$DescriptorProto$1.parsePartialFrom(CodedInputStream, ExtensionRegistryLite) DescriptorProtos.java","22","0"
"com.google.protobuf.DescriptorProtos$DescriptorProto$1.parsePartialFrom(CodedInputStream, ExtensionRegistryLite) DescriptorProtos.java","22","0"
"io.grpc.netty.shaded.io.netty.buffer.PooledByteBufAllocator$PoolThreadLocalCache.initialValue() PooledByteBufAllocator.java","22","0"
"io.grpc.netty.shaded.io.netty.buffer.PooledByteBufAllocator$PoolThreadLocalCache.initialValue() PooledByteBufAllocator.java","22","0"
"io.grpc.netty.shaded.io.netty.buffer.PoolThreadCache.<init>(PoolArena, PoolArena, int, int, int, int, int) PoolThreadCache.java","22","0"
"io.grpc.netty.shaded.io.netty.util.concurrent.FastThreadLocal.get() FastThreadLocal.java","22","0"
"io.grpc.netty.shaded.io.netty.util.concurrent.FastThreadLocal.initialize(InternalThreadLocalMap) FastThreadLocal.java","22","0"
"com.futurewei.alcor.schema.Neighbor$NeighborState.internalGetFieldAccessorTable() Neighbor.java","22","0"
"com.google.protobuf.GeneratedMessageV3$FieldAccessorTable$SingularMessageFieldAccessor.<init>(Descriptors$FieldDescriptor, String, Class, Class, String) GeneratedMessageV3.java","22","0"
"io.grpc.netty.shaded.io.netty.buffer.AbstractReferenceCountedByteBuf.handleRelease(boolean) AbstractReferenceCountedByteBuf.java","22","0"
"io.grpc.netty.shaded.io.netty.buffer.AbstractReferenceCountedByteBuf.release() AbstractReferenceCountedByteBuf.java","22","0"
"io.grpc.netty.shaded.io.netty.buffer.PoolArena.free(PoolChunk, ByteBuffer, long, int, PoolThreadCache) PoolArena.java","22","12"
"io.grpc.netty.shaded.io.netty.buffer.PooledByteBuf.deallocate() PooledByteBuf.java","22","0"
"io.grpc.internal.ServerImpl$ServerTransportListenerImpl.streamCreated(ServerStream, String, Metadata) ServerImpl.java","22","0"
"io.grpc.internal.ServerImpl$ServerTransportListenerImpl.streamCreatedInternal(ServerStream, String, Metadata, Tag) ServerImpl.java","22","0"
"io.grpc.internal.ServerImpl$ServerTransportListenerImpl.startCall(ServerStream, String, ServerMethodDefinition, Metadata, Context$CancellableContext, StatsTraceContext, Tag) ServerImpl.java","22","0"
"io.grpc.internal.ServerImpl$ServerTransportListenerImpl.startWrappedCall(String, ServerMethodDefinition, ServerStream, Metadata, Context$CancellableContext, Tag) ServerImpl.java","22","0"
"io.grpc.internal.ServerImpl$ServerTransportListenerImpl$1StreamCreated.runInContext() ServerImpl.java","22","0"
"io.grpc.internal.ServerImpl$ServerTransportListenerImpl$1StreamCreated.runInternal() ServerImpl.java","22","0"
"com.futurewei.alcor.schema.Vpc$VpcState.getSerializedSize() Vpc.java","22","0"
"org.apache.ignite.internal.binary.BinaryWriterExImpl.doWriteString(String) BinaryWriterExImpl.java","22","0"
"org.apache.ignite.internal.binary.streams.BinaryAbstractOutputStream.writeByteArray(byte[]) BinaryAbstractOutputStream.java","22","10"
"io.grpc.netty.shaded.io.netty.handler.codec.http2.DefaultHttp2Connection.<init>(boolean) DefaultHttp2Connection.java","22","0"
"io.grpc.netty.shaded.io.netty.handler.codec.http2.DefaultHttp2Connection.<init>(boolean, int) DefaultHttp2Connection.java","22","0"
"io.grpc.netty.shaded.io.grpc.netty.NettyServerHandler.sendResponseHeaders(ChannelHandlerContext, SendResponseHeadersCommand, ChannelPromise) NettyServerHandler.java","22","0"
"io.grpc.netty.shaded.io.grpc.netty.NettyServerHandler.write(ChannelHandlerContext, Object, ChannelPromise) NettyServerHandler.java","22","0"
"io.grpc.netty.shaded.io.grpc.netty.WriteQueue$AbstractQueuedCommand.run(Channel) WriteQueue.java","22","0"
"io.grpc.netty.shaded.io.netty.channel.AbstractChannel.write(Object, ChannelPromise) AbstractChannel.java","22","0"
"io.grpc.netty.shaded.io.netty.channel.AbstractChannelHandlerContext.invokeWrite(Object, ChannelPromise) AbstractChannelHandlerContext.java","22","0"
"io.grpc.netty.shaded.io.netty.channel.AbstractChannelHandlerContext.invokeWrite0(Object, ChannelPromise) AbstractChannelHandlerContext.java","22","0"
"io.grpc.netty.shaded.io.netty.channel.AbstractChannelHandlerContext.write(Object, boolean, ChannelPromise) AbstractChannelHandlerContext.java","22","0"
"io.grpc.netty.shaded.io.netty.channel.AbstractChannelHandlerContext.write(Object, ChannelPromise) AbstractChannelHandlerContext.java","22","0"
"io.grpc.netty.shaded.io.netty.channel.DefaultChannelPipeline.write(Object, ChannelPromise) DefaultChannelPipeline.java","22","0"
"io.grpc.netty.shaded.io.netty.handler.codec.http2.DecoratingHttp2FrameWriter.writeHeaders(ChannelHandlerContext, int, Http2Headers, int, boolean, ChannelPromise) DecoratingHttp2FrameWriter.java","22","0"
"io.grpc.netty.shaded.io.netty.handler.codec.http2.DefaultHttp2ConnectionEncoder.writeHeaders(ChannelHandlerContext, int, Http2Headers, int, boolean, ChannelPromise) DefaultHttp2ConnectionEncoder.java","22","0"
"io.grpc.netty.shaded.io.netty.handler.codec.http2.DefaultHttp2ConnectionEncoder.writeHeaders(ChannelHandlerContext, int, Http2Headers, int, short, boolean, int, boolean, ChannelPromise) DefaultHttp2ConnectionEncoder.java","22","0"
"com.google.protobuf.Descriptors$FileDescriptor.<init>(DescriptorProtos$FileDescriptorProto, Descriptors$FileDescriptor[], Descriptors$DescriptorPool, boolean) Descriptors.java","22","12"
"org.apache.ignite.internal.binary.BinaryFieldAccessor$DefaultFinalClassAccessor.mode(Object) BinaryFieldAccessor.java","22","22"
"org.apache.ignite.internal.binary.streams.BinaryHeapOutputStream.<init>(int, BinaryMemoryAllocatorChunk) BinaryHeapOutputStream.java","22","22"
"java.lang.reflect.Field.get(Object) Field.java","22","22"
"org.apache.ignite.internal.binary.BinaryUtils.doReadString(BinaryInputStream) BinaryUtils.java","22","12"
"com.google.protobuf.MapEntryLite.parseEntry(CodedInputStream, MapEntryLite$Metadata, ExtensionRegistryLite) MapEntryLite.java","22","0"
"com.google.protobuf.MapEntryLite.parseField(CodedInputStream, ExtensionRegistryLite, WireFormat$FieldType, Object) MapEntryLite.java","22","0"
"com.yourkit.probes.builtin.Databases$Connection_or_Statement_close_Probe.onEnter(Object) a","21","21"
"java.util.LinkedHashMap.get(Object) LinkedHashMap.java","21","21"
"io.grpc.netty.shaded.io.netty.channel.AbstractChannel$AbstractUnsafe.flush() AbstractChannel.java","21","0"
"io.grpc.netty.shaded.io.netty.channel.AbstractChannel$AbstractUnsafe.flush0() AbstractChannel.java","21","0"
"io.grpc.netty.shaded.io.netty.channel.AbstractChannelHandlerContext.flush() AbstractChannelHandlerContext.java","21","0"
"io.grpc.netty.shaded.io.netty.channel.AbstractChannelHandlerContext.invokeFlush() AbstractChannelHandlerContext.java","21","0"
"io.grpc.netty.shaded.io.netty.channel.AbstractChannelHandlerContext.invokeFlush0() AbstractChannelHandlerContext.java","21","0"
"io.grpc.netty.shaded.io.netty.channel.ChannelOutboundBuffer.remove() ChannelOutboundBuffer.java","21","0"
"io.grpc.netty.shaded.io.netty.channel.ChannelOutboundBuffer.removeBytes(long) ChannelOutboundBuffer.java","21","0"
"io.grpc.netty.shaded.io.netty.channel.DefaultChannelPipeline$HeadContext.flush(ChannelHandlerContext) DefaultChannelPipeline.java","21","0"
"io.grpc.netty.shaded.io.netty.channel.epoll.AbstractEpollChannel$AbstractEpollUnsafe.flush0() AbstractEpollChannel.java","21","0"
"io.grpc.netty.shaded.io.netty.channel.epoll.AbstractEpollStreamChannel.doWrite(ChannelOutboundBuffer) AbstractEpollStreamChannel.java","21","0"
"io.grpc.netty.shaded.io.netty.channel.epoll.AbstractEpollStreamChannel.doWriteMultiple(ChannelOutboundBuffer) AbstractEpollStreamChannel.java","21","0"
"io.grpc.netty.shaded.io.netty.channel.epoll.AbstractEpollStreamChannel.writeBytesMultiple(ChannelOutboundBuffer, IovArray) AbstractEpollStreamChannel.java","21","0"
"io.grpc.stub.ServerCalls$ServerCallStreamObserverImpl.onCompleted() ServerCalls.java","20","10"
"com.futurewei.alcor.netwconfigmanager.cache.HostResourceMetadataCache.addResourceMeta(ResourceMeta) HostResourceMetadataCache.java","20","0"
"com.futurewei.alcor.netwconfigmanager.cache.HostResourceMetadataCache$$EnhancerBySpringCGLIB$$521f3dc0.addResourceMeta(ResourceMeta) <generated>","20","0"
"com.google.protobuf.ByteString.copyFromUtf8(String) ByteString.java","20","0"
"org.apache.ignite.internal.util.IgniteUtils.newHashSet(int) IgniteUtils.java","20","10"
"com.futurewei.alcor.schema.Neighbor$NeighborConfiguration.getSerializedSize() Neighbor.java","20","10"
"com.futurewei.alcor.schema.Neighbor$NeighborState.getSerializedSize() Neighbor.java","20","0"
"org.apache.tomcat.util.threads.TaskThread$WrappingRunnable.run() TaskThread.java","20","0"
"io.jaegertracing.internal.reporters.RemoteReporter$QueueProcessor.run() RemoteReporter.java","20","0"
"java.util.concurrent.ConcurrentHashMap.remove(Object) ConcurrentHashMap.java","20","20"
"com.futurewei.alcor.schema.Port$PortState.internalGetFieldAccessorTable() Port.java","16","0"
"io.grpc.netty.shaded.io.netty.buffer.AbstractByteBuf.writeBytes(byte[], int, int) AbstractByteBuf.java","16","0"
"io.grpc.netty.shaded.io.netty.buffer.AbstractByteBuf.writeBytes(byte[]) AbstractByteBuf.java","16","0"
"io.grpc.netty.shaded.io.netty.buffer.UnpooledUnsafeDirectByteBuf.setBytes(int, byte[], int, int) UnpooledUnsafeDirectByteBuf.java","16","0"
"io.grpc.netty.shaded.io.netty.buffer.Unpooled.directBuffer(int) Unpooled.java","13","0"
"io.grpc.netty.shaded.io.netty.buffer.UnpooledByteBufAllocator.newDirectBuffer(int, int) UnpooledByteBufAllocator.java","13","13"
"io.grpc.netty.shaded.io.netty.util.ResourceLeakDetectorFactory.<clinit>() ResourceLeakDetectorFactory.java","12","0"
"io.grpc.netty.shaded.io.netty.util.ResourceLeakDetectorFactory$DefaultResourceLeakDetectorFactory.<init>() ResourceLeakDetectorFactory.java","12","0"
"io.grpc.netty.shaded.io.netty.util.ResourceLeakDetectorFactory$DefaultResourceLeakDetectorFactory$1.<init>(ResourceLeakDetectorFactory$DefaultResourceLeakDetectorFactory) ResourceLeakDetectorFactory.java","12","12"
"com.futurewei.alcor.common.db.ignite.IgniteClientTransaction.start() IgniteClientTransaction.java","12","0"
"com.futurewei.alcor.common.utils.CommonUtil.<clinit>() CommonUtil.java","12","0"
"com.futurewei.alcor.netwconfigmanager.cache.HostResourceMetadataCache.getTransaction() HostResourceMetadataCache.java","12","0"
"com.futurewei.alcor.netwconfigmanager.entity.ResourceMeta.addPortId(String) ResourceMeta.java","12","0"
"com.futurewei.alcor.netwconfigmanager.util.NetworkConfigManagerUtil.splitClusterToHostGoalState(Goalstate$GoalStateV2) NetworkConfigManagerUtil.java","12","0"
"com.futurewei.alcor.netwconfigmanager.util.NetworkConfigManagerUtil$1.<clinit>() NetworkConfigManagerUtil.java","12","0"
"com.futurewei.alcor.schema.Common$ResourceType.<clinit>() Common.java","12","0"
"com.futurewei.alcor.schema.Goalstate$GoalStateV2.internalGetMapField(int) Goalstate.java","12","0"
"com.futurewei.alcor.schema.Goalstate$GoalStateV2.internalGetSecurityGroupStates() Goalstate.java","12","0"
"com.futurewei.alcor.schema.Goalstate$GoalStateV2$SecurityGroupStatesDefaultEntryHolder.<clinit>() Goalstate.java","12","0"
"com.futurewei.alcor.schema.Goalstate$HostResources.toBuilder() Goalstate.java","12","0"
"com.futurewei.alcor.schema.Goalstate$HostResources.toBuilder() Goalstate.java","12","0"
"com.futurewei.alcor.schema.Neighbor$NeighborConfiguration.internalGetFieldAccessorTable() Neighbor.java","12","0"
"com.futurewei.alcor.schema.SecurityGroup$SecurityGroupState.<clinit>() SecurityGroup.java","12","0"
"com.futurewei.alcor.schema.Vpc$VpcConfiguration.getSerializedSize() Vpc.java","12","0"
"com.futurewei.alcor.schema.Vpc$VpcState.internalGetFieldAccessorTable() Vpc.java","12","0"
"com.google.common.base.Stopwatch.<init>() Stopwatch.java","12","0"
"com.google.common.base.Stopwatch.createUnstarted() Stopwatch.java","12","0"
"com.google.common.collect.Lists.computeArrayListCapacity(int) Lists.java","12","0"
"com.google.common.collect.Lists.newArrayList(Object[]) Lists.java","12","0"
"com.google.protobuf.DescriptorProtos$FileOptions.<clinit>() DescriptorProtos.java","12","0"
"com.google.protobuf.DescriptorProtos$FileOptions.<init>() DescriptorProtos.java","12","0"
"com.google.protobuf.GeneratedMessageV3$ExtendableMessage.<init>() GeneratedMessageV3.java","12","0"
"com.google.protobuf.GeneratedMessageV3$FieldAccessorTable$MapFieldAccessor.<init>(Descriptors$FieldDescriptor, String, Class, Class) GeneratedMessageV3.java","12","0"
"com.google.protobuf.GeneratedMessageV3$FieldAccessorTable$MapFieldAccessor.get(GeneratedMessageV3) GeneratedMessageV3.java","12","0"
"com.google.protobuf.GeneratedMessageV3$FieldAccessorTable$MapFieldAccessor.getMapField(GeneratedMessageV3) GeneratedMessageV3.java","12","0"
"com.google.protobuf.GeneratedMessageV3$FieldAccessorTable$MapFieldAccessor.getRepeatedCount(GeneratedMessageV3) GeneratedMessageV3.java","12","0"
"com.google.protobuf.GeneratedMessageV3$FieldAccessorTable$RepeatedFieldAccessor.get(GeneratedMessageV3) GeneratedMessageV3.java","12","0"
"com.google.protobuf.GeneratedMessageV3$FieldAccessorTable$RepeatedMessageFieldAccessor.<init>(Descriptors$FieldDescriptor, String, Class, Class) GeneratedMessageV3.java","12","0"
"com.google.protobuf.MapEntry.newBuilderForType() MapEntry.java","12","0"
"com.google.protobuf.MapField.convertKeyAndValueToMessage(Object, Object) MapField.java","12","0"
"com.google.protobuf.MapField.convertMapToList(MapField$MutatabilityAwareMap) MapField.java","12","0"
"com.google.protobuf.MapField.getList() MapField.java","12","0"
"com.google.protobuf.MapField$ImmutableMessageConverter.convertKeyAndValueToMessage(Object, Object) MapField.java","12","0"
"com.google.protobuf.TextFormat.<clinit>() TextFormat.java","12","0"
"com.google.protobuf.TextFormat$TextGenerator.eol() TextFormat.java","12","12"
"com.google.protobuf.UnknownFieldSet.getSerializedSize() UnknownFieldSet.java","12","12"
"io.grpc.internal.AbstractServerStream.<init>(WritableBufferAllocator, StatsTraceContext) AbstractServerStream.java","12","0"
"io.grpc.internal.AbstractStream$TransportState.messagesAvailable(StreamListener$MessageProducer) AbstractStream.java","12","0"
"io.grpc.internal.CensusStatsModule$ServerTracer.<init>(CensusStatsModule, TagContext) CensusStatsModule.java","12","0"
"io.grpc.internal.CensusTracingModule$ServerTracerFactory.newServerStreamTracer(String, Metadata) CensusTracingModule.java","12","0"
"io.grpc.internal.KeepAliveManager.<init>(KeepAliveManager$KeepAlivePinger, ScheduledExecutorService, long, long, boolean) KeepAliveManager.java","12","0"
"io.grpc.internal.MessageDeframer.processBody() MessageDeframer.java","12","0"
"io.grpc.internal.ServerCallImpl.newServerStreamListener(ServerCall$Listener) ServerCallImpl.java","12","0"
"io.grpc.internal.ServerCallImpl$ServerStreamListenerImpl.<init>(ServerCallImpl, ServerCall$Listener, Context$CancellableContext) ServerCallImpl.java","12","0"
"io.grpc.internal.ServerImpl$JumpToApplicationThreadServerStreamListener.messagesAvailable(StreamListener$MessageProducer) ServerImpl.java","12","0"
"io.grpc.netty.shaded.io.grpc.netty.NettyServerHandler.<init>(ChannelPromise, Http2Connection, ServerTransportListener, List, TransportTracer, Http2ConnectionDecoder, Http2ConnectionEncoder, Http2Settings, int, long, long, long, long, long, KeepAliveEnforcer) NettyServerHandler.java","12","12"
"io.grpc.netty.shaded.io.grpc.netty.NettyServerStream.<init>(Channel, NettyServerStream$TransportState, Attributes, String, StatsTraceContext, TransportTracer) NettyServerStream.java","12","0"
"io.grpc.netty.shaded.io.netty.bootstrap.ServerBootstrap$ServerBootstrapAcceptor.channelRead(ChannelHandlerContext, Object) ServerBootstrap.java","12","0"
"io.grpc.netty.shaded.io.netty.buffer.AbstractByteBufAllocator.heapBuffer(int, int) AbstractByteBufAllocator.java","12","0"
"io.grpc.netty.shaded.io.netty.buffer.AbstractByteBufAllocator.heapBuffer() AbstractByteBufAllocator.java","12","0"
"io.grpc.netty.shaded.io.netty.buffer.PoolChunk.<init>(PoolArena, Object, int, int, int, int, int) PoolChunk.java","12","12"
"io.grpc.netty.shaded.io.netty.buffer.Unpooled.buffer() Unpooled.java","12","0"
"io.grpc.netty.shaded.io.netty.buffer.UnpooledByteBufAllocator.newHeapBuffer(int, int) UnpooledByteBufAllocator.java","12","12"
"io.grpc.netty.shaded.io.netty.channel.AbstractChannel.<init>(Channel) AbstractChannel.java","12","0"
"io.grpc.netty.shaded.io.netty.channel.epoll.AbstractEpollChannel.<init>(Channel, LinuxSocket, SocketAddress) AbstractEpollChannel.java","12","0"
"io.grpc.netty.shaded.io.netty.channel.epoll.EpollSocketChannel.newUnsafe() EpollSocketChannel.java","12","0"
"io.grpc.netty.shaded.io.netty.channel.epoll.EpollSocketChannel.newUnsafe() EpollSocketChannel.java","12","0"
"io.grpc.netty.shaded.io.netty.handler.codec.ByteToMessageDecoder$1.cumulate(ByteBufAllocator, ByteBuf, ByteBuf) ByteToMessageDecoder.java","12","0"
"io.grpc.netty.shaded.io.netty.handler.codec.DefaultHeaders.<init>(HashingStrategy, ValueConverter) DefaultHeaders.java","12","0"
"io.grpc.netty.shaded.io.netty.handler.codec.DefaultHeaders$NameValidator.<clinit>() DefaultHeaders.java","12","0"
"io.grpc.netty.shaded.io.netty.handler.codec.http.HttpResponseStatus.<clinit>() HttpResponseStatus.java","12","0"
"io.grpc.netty.shaded.io.netty.handler.codec.http.HttpResponseStatus.<init>(int, String, boolean) HttpResponseStatus.java","12","12"
"io.grpc.netty.shaded.io.netty.handler.codec.http.HttpResponseStatus.newStatus(int, String) HttpResponseStatus.java","12","0"
"io.grpc.netty.shaded.io.netty.handler.codec.http2.CharSequenceMap.<init>() CharSequenceMap.java","12","0"
"io.grpc.netty.shaded.io.netty.handler.codec.http2.CharSequenceMap.<init>(boolean) CharSequenceMap.java","12","0"
"io.grpc.netty.shaded.io.netty.handler.codec.http2.CharSequenceMap.<init>(boolean, ValueConverter) CharSequenceMap.java","12","0"
"io.grpc.netty.shaded.io.netty.handler.codec.http2.DecoratingHttp2ConnectionEncoder.remoteSettings(Http2Settings) DecoratingHttp2ConnectionEncoder.java","12","0"
"io.grpc.netty.shaded.io.netty.handler.codec.http2.DefaultHttp2Connection$ConnectionStream.<init>(DefaultHttp2Connection) DefaultHttp2Connection.java","12","0"
"io.grpc.netty.shaded.io.netty.handler.codec.http2.DefaultHttp2Connection$DefaultEndpoint.addStream(DefaultHttp2Connection$DefaultStream) DefaultHttp2Connection.java","12","12"
"io.grpc.netty.shaded.io.netty.handler.codec.http2.DefaultHttp2Connection$DefaultEndpoint.createStream(int, boolean) DefaultHttp2Connection.java","12","0"
"io.grpc.netty.shaded.io.netty.handler.codec.http2.DefaultHttp2Connection$DefaultEndpoint.createStream(int, boolean) DefaultHttp2Connection.java","12","0"
"io.grpc.netty.shaded.io.netty.handler.codec.http2.DefaultHttp2Connection$DefaultStream.<init>(DefaultHttp2Connection, int, Http2Stream$State) DefaultHttp2Connection.java","12","0"
"io.grpc.netty.shaded.io.netty.handler.codec.http2.DefaultHttp2ConnectionDecoder$FrameReadListener.onSettingsRead(ChannelHandlerContext, Http2Settings) DefaultHttp2ConnectionDecoder.java","12","0"
"io.grpc.netty.shaded.io.netty.handler.codec.http2.DefaultHttp2ConnectionDecoder$PrefaceFrameListener.onSettingsRead(ChannelHandlerContext, Http2Settings) DefaultHttp2ConnectionDecoder.java","12","0"
"io.grpc.netty.shaded.io.netty.handler.codec.http2.DefaultHttp2ConnectionEncoder.remoteSettings(Http2Settings) DefaultHttp2ConnectionEncoder.java","12","0"
"io.grpc.netty.shaded.io.netty.handler.codec.http2.DefaultHttp2FrameReader.readSettingsFrame(ChannelHandlerContext, ByteBuf, Http2FrameListener) DefaultHttp2FrameReader.java","12","0"
"io.grpc.netty.shaded.io.netty.handler.codec.http2.DefaultHttp2HeadersEncoder.<init>(Http2HeadersEncoder$SensitivityDetector, HpackEncoder) DefaultHttp2HeadersEncoder.java","12","0"
"io.grpc.netty.shaded.io.netty.handler.codec.http2.DefaultHttp2RemoteFlowController.initialWindowSize(int) DefaultHttp2RemoteFlowController.java","12","0"
"io.grpc.netty.shaded.io.netty.handler.codec.http2.DefaultHttp2RemoteFlowController$WritabilityMonitor.initialWindowSize(int) DefaultHttp2RemoteFlowController.java","12","0"
"io.grpc.netty.shaded.io.netty.handler.codec.http2.HpackDecoder.<init>(long, int) HpackDecoder.java","12","12"
"io.grpc.netty.shaded.io.netty.handler.codec.http2.HpackDecoder.<init>(long) HpackDecoder.java","12","0"
"io.grpc.netty.shaded.io.netty.handler.codec.http2.HpackEncoder.<init>(boolean, int, int) HpackEncoder.java","12","0"
"io.grpc.netty.shaded.io.netty.handler.codec.http2.HpackEncoder.<init>(boolean) HpackEncoder.java","12","0"
"io.grpc.netty.shaded.io.netty.handler.codec.http2.HpackEncoder.<init>() HpackEncoder.java","12","0"
"io.grpc.netty.shaded.io.netty.handler.codec.http2.Http2ConnectionHandler.closeStream(Http2Stream, ChannelFuture) Http2ConnectionHandler.java","12","0"
"io.grpc.netty.shaded.io.netty.handler.codec.http2.Http2ConnectionHandler.closeStreamLocal(Http2Stream, ChannelFuture) Http2ConnectionHandler.java","12","0"
"io.grpc.netty.shaded.io.netty.handler.codec.http2.Http2ConnectionHandler$PrefaceDecoder.decode(ChannelHandlerContext, ByteBuf, List) Http2ConnectionHandler.java","12","0"
"io.grpc.netty.shaded.io.netty.handler.codec.http2.Http2InboundFrameLogger$1.onSettingsRead(ChannelHandlerContext, Http2Settings) Http2InboundFrameLogger.java","12","0"
"io.grpc.netty.shaded.io.netty.handler.codec.http2.WeightedFairQueueByteDistributor$State.<init>(WeightedFairQueueByteDistributor, int, Http2Stream, int) WeightedFairQueueByteDistributor.java","12","0"
"io.grpc.netty.shaded.io.netty.handler.codec.http2.WeightedFairQueueByteDistributor$State.<init>(WeightedFairQueueByteDistributor, Http2Stream, int) WeightedFairQueueByteDistributor.java","12","0"
"io.opencensus.stats.NoopStats.newNoopMeasureMap() NoopStats.java","12","0"
"io.opencensus.stats.NoopStats$NoopStatsRecorder.newMeasureMap() NoopStats.java","12","0"
"io.opencensus.trace.SpanContext.<clinit>() SpanContext.java","12","0"
"java.lang.ClassLoader.checkPackageAccess(Class, ProtectionDomain) ClassLoader.java","12","12"
"java.lang.invoke.LambdaForm$MH.979943848.linkToTargetMethod(Object, long, Object) LambdaForm$MH","12","12"
"java.util.Collections$UnmodifiableCollection$1.next() Collections.java","12","12"
"org.apache.ignite.internal.binary.BinaryClassDescriptor.preWrite(BinaryWriterExImpl, Object) BinaryClassDescriptor.java","12","0"
"org.apache.ignite.internal.binary.BinaryReaderExImpl.streamPosition(int) BinaryReaderExImpl.java","12","12"
"org.apache.ignite.internal.binary.streams.BinaryHeapOutputStream.<init>(int) BinaryHeapOutputStream.java","12","0"
"org.apache.ignite.internal.binary.streams.BinaryHeapOutputStream.ensureCapacity(int) BinaryHeapOutputStream.java","12","0"
"org.apache.ignite.internal.binary.streams.BinaryMemoryAllocatorChunk.reallocate(byte[], int) BinaryMemoryAllocatorChunk.java","12","12"
"org.apache.ignite.internal.client.thin.PayloadOutputChannel.<init>(ClientChannel) PayloadOutputChannel.java","12","0"
"org.apache.ignite.internal.client.thin.TcpClientTransactions.tx() TcpClientTransactions.java","12","0"
"org.apache.ignite.internal.client.thin.TcpClientTransactions.txStart(TransactionConcurrency, TransactionIsolation) TcpClientTransactions.java","12","0"
"org.apache.ignite.internal.client.thin.TcpClientTransactions.txStart0(TransactionConcurrency, TransactionIsolation, Long, String) TcpClientTransactions.java","12","12"
"io.grpc.netty.shaded.io.netty.channel.unix.Socket.accept(byte[]) Socket.java","11","0"
"io.grpc.internal.CompositeReadableBuffer.addBuffer(ReadableBuffer) CompositeReadableBuffer.java","11","0"
"io.grpc.internal.CompositeReadableBuffer.close() CompositeReadableBuffer.java","11","0"
"io.grpc.internal.MessageDeframer.readRequiredBytes() MessageDeframer.java","11","0"
"io.grpc.netty.shaded.io.netty.buffer.PoolArena$DirectArena.newByteBuf(int) PoolArena.java","11","0"
"io.grpc.internal.MessageDeframer.<init>(MessageDeframer$Listener, Decompressor, int, StatsTraceContext, TransportTracer) MessageDeframer.java","11","0"
"io.grpc.netty.shaded.io.netty.handler.codec.ByteToMessageDecoder.<clinit>() ByteToMessageDecoder.java","10","0"
"io.grpc.netty.shaded.io.netty.handler.codec.http2.HpackDecoder.<clinit>() HpackDecoder.java","10","0"
"io.grpc.netty.shaded.io.netty.handler.codec.CodecOutputList.<clinit>() CodecOutputList.java","10","0"
"io.grpc.netty.shaded.io.netty.channel.DefaultChannelPipeline.touch(Object, AbstractChannelHandlerContext) DefaultChannelPipeline.java","10","0"
"io.grpc.internal.AbstractReadableBuffer.readInt() AbstractReadableBuffer.java","10","0"
"io.grpc.internal.CompositeReadableBuffer.advanceBufferIfNecessary() CompositeReadableBuffer.java","10","0"
"io.grpc.internal.CompositeReadableBuffer.execute(CompositeReadableBuffer$ReadOperation, int) CompositeReadableBuffer.java","10","0"
"io.grpc.internal.CompositeReadableBuffer.readUnsignedByte() CompositeReadableBuffer.java","10","0"
"io.grpc.internal.MessageDeframer.processHeader() MessageDeframer.java","10","0"
"io.grpc.netty.shaded.io.grpc.netty.NettyReadableBuffer.close() NettyReadableBuffer.java","10","0"
"com.google.protobuf.DescriptorProtos$FieldDescriptorProto.<clinit>() DescriptorProtos.java","10","0"
"org.apache.ignite.internal.binary.streams.BinaryAbstractInputStream.readByte() BinaryAbstractInputStream.java","10","10"
"io.grpc.netty.shaded.io.netty.buffer.PoolThreadCache.createSubPageCaches(int, int, PoolArena$SizeClass) PoolThreadCache.java","10","0"
"io.grpc.netty.shaded.io.netty.buffer.PoolThreadCache$MemoryRegionCache.<clinit>() PoolThreadCache.java","10","0"
"org.apache.ignite.internal.binary.streams.BinaryAbstractOutputStream.unsafeEnsure(int) BinaryAbstractOutputStream.java","10","10"
"io.grpc.netty.shaded.io.grpc.netty.AbstractNettyHandler.sendInitialConnectionWindow() AbstractNettyHandler.java","10","0"
"io.grpc.netty.shaded.io.netty.buffer.PoolThreadCache.add(PoolArena, PoolChunk, ByteBuffer, long, int, PoolArena$SizeClass) PoolThreadCache.java","10","0"
"io.grpc.netty.shaded.io.netty.buffer.PoolThreadCache.cache(PoolArena, int, PoolArena$SizeClass) PoolThreadCache.java","10","0"
"io.grpc.netty.shaded.io.netty.util.ReferenceCountUtil.release(Object) ReferenceCountUtil.java","10","0"
"io.grpc.netty.shaded.io.netty.util.ReferenceCountUtil.safeRelease(Object) ReferenceCountUtil.java","10","0"
"io.grpc.netty.shaded.io.netty.handler.codec.http2.DefaultHttp2FrameReader$HeadersBlockBuilder.headers() DefaultHttp2FrameReader.java","10","0"
"io.grpc.netty.shaded.io.netty.handler.codec.http2.DefaultHttp2HeadersDecoder.decodeHeaders(int, ByteBuf) DefaultHttp2HeadersDecoder.java","10","0"
"io.grpc.netty.shaded.io.netty.handler.codec.http2.HpackDecoder.decode(int, ByteBuf, Http2Headers, boolean) HpackDecoder.java","10","0"
"io.grpc.netty.shaded.io.netty.handler.codec.http2.HpackDecoder.decode(ByteBuf, HpackDecoder$Sink) HpackDecoder.java","10","0"
"io.grpc.netty.shaded.io.netty.handler.codec.http2.HpackDecoder.readName(int) HpackDecoder.java","10","0"
"io.grpc.netty.shaded.io.netty.handler.codec.http2.DefaultHttp2FrameReader$1.<init>(DefaultHttp2FrameReader, int, ChannelHandlerContext, int, short, boolean, int, Http2Flags) DefaultHttp2FrameReader.java","10","0"
"io.grpc.netty.shaded.io.netty.handler.codec.http2.DefaultHttp2FrameReader$HeadersContinuation.<init>(DefaultHttp2FrameReader, DefaultHttp2FrameReader$1) DefaultHttp2FrameReader.java","10","0"
"io.grpc.netty.shaded.io.netty.handler.codec.http2.DefaultHttp2FrameReader$HeadersContinuation.<init>(DefaultHttp2FrameReader) DefaultHttp2FrameReader.java","10","0"
"io.grpc.internal.AbstractServerStream.close(Status, Metadata) AbstractServerStream.java","10","0"
"io.grpc.internal.ServerCallImpl.close(Status, Metadata) ServerCallImpl.java","10","0"
"io.grpc.internal.ServerCallImpl.closeInternal(Status, Metadata) ServerCallImpl.java","10","0"
"io.grpc.netty.shaded.io.grpc.netty.NettyServerStream$Sink.writeTrailers(Metadata, boolean, Status) NettyServerStream.java","10","0"
"org.apache.ignite.internal.binary.BinaryWriterExImpl.writeStringField(String) BinaryWriterExImpl.java","10","10"
"io.opencensus.tags.TagValue.create(String) TagValue.java","10","0"
"io.opencensus.tags.TagValue.isValid(String) TagValue.java","10","0"
"io.grpc.internal.DeprecatedCensusConstants.<clinit>() DeprecatedCensusConstants.java","10","0"
"io.opencensus.contrib.grpc.metrics.RpcMeasureConstants.<clinit>() RpcMeasureConstants.java","10","0"
"com.futurewei.alcor.netwconfigmanager.server.grpc.IpInterceptor.interceptCall(ServerCall, Metadata, ServerCallHandler) IpInterceptor.java","10","0"
"io.grpc.netty.shaded.io.netty.channel.AbstractChannelHandlerContext.<init>(DefaultChannelPipeline, EventExecutor, String, Class) AbstractChannelHandlerContext.java","10","0"
"io.grpc.netty.shaded.io.netty.channel.ChannelHandlerMask.isSkippable(Class, String, Class[]) ChannelHandlerMask.java","10","0"
"io.grpc.netty.shaded.io.netty.channel.ChannelHandlerMask.mask(Class) ChannelHandlerMask.java","10","0"
"io.grpc.netty.shaded.io.netty.channel.ChannelHandlerMask.mask0(Class) ChannelHandlerMask.java","10","0"
"io.grpc.netty.shaded.io.netty.channel.ChannelHandlerMask$2.run() ChannelHandlerMask.java","10","0"
"io.grpc.netty.shaded.io.netty.channel.ChannelHandlerMask$2.run() ChannelHandlerMask.java","10","0"
"io.grpc.netty.shaded.io.netty.channel.DefaultChannelHandlerContext.<init>(DefaultChannelPipeline, EventExecutor, String, ChannelHandler) DefaultChannelHandlerContext.java","10","0"
"io.grpc.netty.shaded.io.netty.channel.DefaultChannelPipeline.newContext(EventExecutorGroup, String, ChannelHandler) DefaultChannelPipeline.java","10","0"
"io.grpc.netty.shaded.io.netty.handler.codec.http2.DefaultHttp2Connection.verifyKey(Http2Connection$PropertyKey) DefaultHttp2Connection.java","10","10"
"io.grpc.netty.shaded.io.netty.handler.codec.http2.DefaultHttp2Connection$DefaultStream.getProperty(Http2Connection$PropertyKey) DefaultHttp2Connection.java","10","0"
"io.grpc.netty.shaded.io.netty.handler.codec.http2.DefaultHttp2ConnectionDecoder.unconsumedBytes(Http2Stream) DefaultHttp2ConnectionDecoder.java","10","0"
"io.grpc.netty.shaded.io.netty.handler.codec.http2.DefaultHttp2ConnectionDecoder$FrameReadListener.onDataRead(ChannelHandlerContext, int, ByteBuf, int, boolean) DefaultHttp2ConnectionDecoder.java","10","0"
"io.grpc.netty.shaded.io.netty.handler.codec.http2.DefaultHttp2FrameReader.readDataFrame(ChannelHandlerContext, ByteBuf, int, Http2FrameListener) DefaultHttp2FrameReader.java","10","0"
"io.grpc.netty.shaded.io.netty.handler.codec.http2.DefaultHttp2LocalFlowController.state(Http2Stream) DefaultHttp2LocalFlowController.java","10","0"
"io.grpc.netty.shaded.io.netty.handler.codec.http2.DefaultHttp2LocalFlowController.unconsumedBytes(Http2Stream) DefaultHttp2LocalFlowController.java","10","0"
"io.grpc.netty.shaded.io.netty.handler.codec.http2.Http2InboundFrameLogger$1.onDataRead(ChannelHandlerContext, int, ByteBuf, int, boolean) Http2InboundFrameLogger.java","10","0"
"io.grpc.ServerInterceptors$InterceptCallHandler.startCall(ServerCall, Metadata) ServerInterceptors.java","10","0"
"java.security.AccessController.doPrivileged(PrivilegedExceptionAction) AccessController.java (native)","10","0"
"org.apache.ignite.internal.binary.BinaryClassDescriptor.postWrite(BinaryWriterExImpl) BinaryClassDescriptor.java","10","0"
"org.apache.ignite.internal.binary.BinaryWriterExImpl.postWrite(boolean, boolean) BinaryWriterExImpl.java","10","0"
"org.apache.ignite.internal.binary.BinaryWriterSchemaHolder.write(BinaryOutputStream, int, boolean) BinaryWriterSchemaHolder.java","10","10"
"java.util.HashMap$EntryIterator.next() HashMap.java","10","10"
"io.grpc.netty.shaded.io.netty.buffer.ByteBufUtil.hexDump(byte[], int, int) ByteBufUtil.java","10","0"
"io.grpc.netty.shaded.io.netty.buffer.ByteBufUtil$HexUtil.<clinit>() ByteBufUtil.java","10","10"
"io.grpc.netty.shaded.io.netty.channel.AbstractChannel.toString() AbstractChannel.java","10","0"
"io.grpc.netty.shaded.io.netty.channel.DefaultChannelId.asShortText() DefaultChannelId.java","10","0"
"io.grpc.netty.shaded.io.netty.handler.codec.http2.Http2FrameLogger.logSettings(Http2FrameLogger$Direction, ChannelHandlerContext, Http2Settings) Http2FrameLogger.java","10","0"
"io.grpc.netty.shaded.io.netty.util.internal.logging.AbstractInternalLogger.log(InternalLogLevel, String, Object[]) AbstractInternalLogger.java","10","0"
"io.grpc.netty.shaded.io.netty.util.internal.logging.LocationAwareSlf4JLogger.debug(String, Object[]) LocationAwareSlf4JLogger.java","10","0"
"org.slf4j.helpers.MessageFormatter.arrayFormat(String, Object[]) MessageFormatter.java","10","0"
"com.google.protobuf.CodedInputStream$ArrayDecoder.readRawVarint32() CodedInputStream.java","10","10"
"com.google.protobuf.DescriptorProtos$EnumDescriptorProto.<init>(CodedInputStream, ExtensionRegistryLite, DescriptorProtos$1) DescriptorProtos.java","10","0"
"com.google.protobuf.DescriptorProtos$EnumDescriptorProto.<init>(CodedInputStream, ExtensionRegistryLite) DescriptorProtos.java","10","0"
"com.google.protobuf.DescriptorProtos$EnumDescriptorProto$1.parsePartialFrom(CodedInputStream, ExtensionRegistryLite) DescriptorProtos.java","10","0"
"com.google.protobuf.DescriptorProtos$EnumDescriptorProto$1.parsePartialFrom(CodedInputStream, ExtensionRegistryLite) DescriptorProtos.java","10","0"
"org.apache.ignite.internal.binary.BinaryContext.updateMetadata(int, BinaryMetadata, boolean) BinaryContext.java","10","0"
"org.apache.ignite.internal.client.thin.TcpIgniteClient$ClientBinaryMetadataHandler.addMeta(int, BinaryType, boolean) TcpIgniteClient.java","10","0"
"com.futurewei.alcor.schema.Subnet$SubnetConfiguration.internalGetFieldAccessorTable() Subnet.java","10","0"
"com.google.protobuf.CodedInputStream$ArrayDecoder.readBytes() CodedInputStream.java","10","0"
"com.futurewei.alcor.schema.Port$PortConfiguration.getDeviceIdBytes() Port.java","10","0"
"com.google.protobuf.GeneratedMessageV3.hasField(Descriptors$FieldDescriptor) GeneratedMessageV3.java","10","0"
"com.google.protobuf.GeneratedMessageV3$FieldAccessorTable$SingularFieldAccessor.has(GeneratedMessageV3) GeneratedMessageV3.java","10","0"
"com.futurewei.alcor.common.utils.CommonUtil.isNullOrEmpty(String) CommonUtil.java","10","0"
"java.lang.String.trim() String.java","10","10"
"java.util.Collections$UnmodifiableMap$UnmodifiableEntrySet$1.hasNext() Collections.java","10","10"
"com.futurewei.alcor.schema.Subnet.<clinit>() Subnet.java","10","0"
"com.google.protobuf.Descriptors$Descriptor.getFields() Descriptors.java","10","0"
"com.google.protobuf.MapEntry.getAllFields() MapEntry.java","10","0"
"java.util.Collections.unmodifiableList(List) Collections.java","10","10"
"com.google.protobuf.Descriptors$Descriptor.crossLink() Descriptors.java","10","0"
"com.google.protobuf.Descriptors$FieldDescriptor.crossLink() Descriptors.java","10","0"
"com.google.protobuf.Descriptors$FileDescriptor.crossLink() Descriptors.java","10","0"
"io.micrometer.core.instrument.binder.logging.MetricsTurboFilter.decide(Marker, Logger, Level, String, Object[], Throwable) LogbackMetrics.java","10","0"
"io.micrometer.core.instrument.Counter.increment() Counter.java","10","0"
"io.micrometer.core.instrument.cumulative.CumulativeCounter.increment(double) CumulativeCounter.java","10","10"
"com.futurewei.alcor.schema.DHCP.<clinit>() DHCP.java","10","0"
"io.grpc.netty.shaded.io.netty.handler.codec.http2.DefaultHttp2ConnectionEncoder.validateHeadersSentState(Http2Stream, Http2Headers, boolean, boolean) DefaultHttp2ConnectionEncoder.java","10","0"
"org.apache.ignite.internal.binary.BinaryWriterExImpl.handles() BinaryWriterExImpl.java","10","10"
"java.util.HashSet.<init>(int) HashSet.java","10","10"
"com.futurewei.alcor.schema.Neighbor$NeighborConfiguration$FixedIp.getSerializedSize() Neighbor.java","10","0"
"com.futurewei.alcor.schema.Neighbor$NeighborType.<clinit>() Neighbor.java","10","0"
"com.google.protobuf.Descriptors$Descriptor.<init>(DescriptorProtos$DescriptorProto, Descriptors$FileDescriptor, Descriptors$Descriptor, int) Descriptors.java","10","0"
"com.google.protobuf.Descriptors$Descriptor.<init>(DescriptorProtos$DescriptorProto, Descriptors$FileDescriptor, Descriptors$Descriptor, int, Descriptors$1) Descriptors.java","10","0"
"com.google.protobuf.Descriptors$FieldDescriptor.<clinit>() Descriptors.java","10","0"
"com.google.protobuf.WireFormat$FieldType.<clinit>() WireFormat.java","10","0"
"io.grpc.internal.AbstractServerStream$TransportState.closeListener(Status) AbstractServerStream.java","10","0"
"io.grpc.internal.AbstractServerStream$TransportState.complete() AbstractServerStream.java","10","0"
"io.grpc.internal.ServerImpl$JumpToApplicationThreadServerStreamListener.closed(Status) ServerImpl.java","10","0"
"io.grpc.internal.ServerImpl$JumpToApplicationThreadServerStreamListener.closedInternal(Status) ServerImpl.java","10","0"
"io.grpc.netty.shaded.io.grpc.netty.NettyServerHandler$6.operationComplete(Future) NettyServerHandler.java","10","0"
"io.grpc.netty.shaded.io.grpc.netty.NettyServerHandler$6.operationComplete(ChannelFuture) NettyServerHandler.java","10","0"
"io.grpc.netty.shaded.io.grpc.netty.NettyServerStream$TransportState.complete() NettyServerStream.java","10","0"
"io.grpc.netty.shaded.io.netty.channel.AbstractChannel.flush() AbstractChannel.java","10","0"
"io.grpc.netty.shaded.io.netty.channel.ChannelOutboundBuffer.safeSuccess(ChannelPromise) ChannelOutboundBuffer.java","10","0"
"io.grpc.netty.shaded.io.netty.channel.DefaultChannelPipeline.flush() DefaultChannelPipeline.java","10","0"
"io.grpc.netty.shaded.io.netty.channel.DefaultChannelPromise.trySuccess() DefaultChannelPromise.java","10","0"
"io.grpc.netty.shaded.io.netty.handler.codec.http2.Http2CodecUtil$SimpleChannelPromiseAggregator.tryPromise() Http2CodecUtil.java","10","0"
"io.grpc.netty.shaded.io.netty.handler.codec.http2.Http2CodecUtil$SimpleChannelPromiseAggregator.trySuccess(Void) Http2CodecUtil.java","10","0"
"io.grpc.netty.shaded.io.netty.handler.codec.http2.Http2CodecUtil$SimpleChannelPromiseAggregator.trySuccess(Object) Http2CodecUtil.java","10","0"
"io.grpc.netty.shaded.io.netty.handler.codec.http2.Http2ConnectionHandler.flush(ChannelHandlerContext) Http2ConnectionHandler.java","10","0"
"io.grpc.netty.shaded.io.netty.util.concurrent.DefaultPromise.notifyListener0(Future, GenericFutureListener) DefaultPromise.java","10","0"
"io.grpc.netty.shaded.io.netty.util.concurrent.DefaultPromise.notifyListeners() DefaultPromise.java","10","0"
"io.grpc.netty.shaded.io.netty.util.concurrent.DefaultPromise.notifyListenersNow() DefaultPromise.java","10","0"
"io.grpc.netty.shaded.io.netty.util.concurrent.DefaultPromise.setSuccess0(Object) DefaultPromise.java","10","0"
"io.grpc.netty.shaded.io.netty.util.concurrent.DefaultPromise.setValue0(Object) DefaultPromise.java","10","0"
"io.grpc.netty.shaded.io.netty.util.concurrent.DefaultPromise.trySuccess(Object) DefaultPromise.java","10","0"
"io.grpc.netty.shaded.io.netty.util.internal.PromiseNotificationUtil.trySuccess(Promise, Object, InternalLogger) PromiseNotificationUtil.java","10","0"
"io.jaegertracing.internal.reporters.RemoteReporter$FlushCommand.execute() RemoteReporter.java","10","0"
"com.futurewei.alcor.schema.Goalstate$HostResources.internalGetFieldAccessorTable() Goalstate.java","10","0"
"com.futurewei.alcor.schema.Port$PortConfiguration.getMacAddressBytes() Port.java","10","0"
"org.apache.ignite.internal.binary.BinaryWriterExImpl.<init>(BinaryContext) BinaryWriterExImpl.java","10","0"
"org.apache.ignite.internal.binary.BinaryWriterExImpl.<init>(BinaryContext, BinaryThreadLocalContext) BinaryWriterExImpl.java","10","0"
"com.google.protobuf.CodedOutputStream.computeTagSize(int) CodedOutputStream.java","10","10"
"com.google.protobuf.CodedOutputStream.computeUInt32Size(int, int) CodedOutputStream.java","10","0"
"io.grpc.netty.shaded.io.netty.util.concurrent.AbstractScheduledEventExecutor.pollScheduledTask(long) AbstractScheduledEventExecutor.java","10","10"
"io.grpc.netty.shaded.io.netty.util.concurrent.SingleThreadEventExecutor.fetchFromScheduledTaskQueue() SingleThreadEventExecutor.java","10","0"
"java.lang.String.<init>(byte[], int, int, Charset) String.java","10","10"
"java.util.concurrent.ConcurrentHashMap.put(Object, Object) ConcurrentHashMap.java","10","10"
"com.futurewei.alcor.schema.Port$PortConfiguration.<init>(CodedInputStream, ExtensionRegistryLite) Port.java","10","10"
"com.futurewei.alcor.schema.Port$PortConfiguration$1.parsePartialFrom(CodedInputStream, ExtensionRegistryLite) Port.java","10","0"
"com.futurewei.alcor.schema.Port$PortConfiguration$1.parsePartialFrom(CodedInputStream, ExtensionRegistryLite) Port.java","10","0"
"com.futurewei.alcor.schema.Port$PortState.<init>(CodedInputStream, ExtensionRegistryLite) Port.java","10","0"
"com.futurewei.alcor.schema.Port$PortState$1.parsePartialFrom(CodedInputStream, ExtensionRegistryLite) Port.java","10","0"
"com.futurewei.alcor.schema.Port$PortState$1.parsePartialFrom(CodedInputStream, ExtensionRegistryLite) Port.java","10","0"
"com.futurewei.alcor.schema.Port$PortState$Builder.mergeFrom(CodedInputStream, ExtensionRegistryLite) Port.java","10","0"
"com.futurewei.alcor.schema.Port$PortState$Builder.mergeFrom(CodedInputStream, ExtensionRegistryLite) Port.java","10","0"
"com.google.protobuf.CodedInputStream$ArrayDecoder.readMessage(MessageLite$Builder, ExtensionRegistryLite) CodedInputStream.java","10","0"
"com.google.protobuf.MapField$MutatabilityAwareMap.get(Object) MapField.java","10","0"
"java.util.Collections$UnmodifiableMap.get(Object) Collections.java","10","0"
"com.google.protobuf.ByteString.isEmpty() ByteString.java","10","10"
"com.futurewei.alcor.schema.Port$PortConfiguration.writeTo(CodedOutputStream) Port.java","10","0"
"com.futurewei.alcor.schema.Port$PortState.writeTo(CodedOutputStream) Port.java","10","0"
"com.google.protobuf.CodedOutputStream$ArrayEncoder.writeMessage(int, MessageLite) CodedOutputStream.java","10","0"
"com.google.protobuf.CodedOutputStream$ArrayEncoder.writeMessageNoTag(MessageLite) CodedOutputStream.java","10","0"
"java.util.Collections$UnmodifiableList.get(int) Collections.java","10","10"
"io.grpc.netty.shaded.io.netty.util.concurrent.SingleThreadEventExecutor.pollTask() SingleThreadEventExecutor.java","10","0"
"io.grpc.netty.shaded.io.netty.util.concurrent.SingleThreadEventExecutor.pollTaskFrom(Queue) SingleThreadEventExecutor.java","10","10"
"java.util.concurrent.ArrayBlockingQueue.take() ArrayBlockingQueue.java","10","10"
"java.lang.ThreadLocal.set(Object) ThreadLocal.java","10","10"
"org.apache.ignite.internal.util.IgniteUtils.restoreOldIgniteName(String, String) IgniteUtils.java","10","0"
